"type","first_name","last_name","email"
"customer","Aaron","Selby","aaron.selby@sakilacustomer.org"
"customer","Adam","Gooch","adam.gooch@sakilacustomer.org"
"customer","Adrian","Clary","adrian.clary@sakilacustomer.org"
"customer","Agnes","Bishop","agnes.bishop@sakilacustomer.org"
"customer","Alan","Kahn","alan.kahn@sakilacustomer.org"
"customer","Albert","Crouse","albert.crouse@sakilacustomer.org"
"customer","Alberto","Henning","alberto.henning@sakilacustomer.org"
"customer","Alex","Gresham","alex.gresham@sakilacustomer.org"
"customer","Alexander","Fennell","alexander.fennell@sakilacustomer.org"
"customer","Alfred","Casillas","alfred.casillas@sakilacustomer.org"
"customer","Alfredo","Mcadams","alfredo.mcadams@sakilacustomer.org"
"customer","Alice","Stewart","alice.stewart@sakilacustomer.org"
"customer","Alicia","Mills","alicia.mills@sakilacustomer.org"
"customer","Allan","Cornish","allan.cornish@sakilacustomer.org"
"customer","Allen","Butterfield","allen.butterfield@sakilacustomer.org"
"customer","Allison","Stanley","allison.stanley@sakilacustomer.org"
"customer","Alma","Austin","alma.austin@sakilacustomer.org"
"customer","Alvin","Deloach","alvin.deloach@sakilacustomer.org"
"customer","Amanda","Carter","amanda.carter@sakilacustomer.org"
"customer","Amber","Dixon","amber.dixon@sakilacustomer.org"
"customer","Amy","Lopez","amy.lopez@sakilacustomer.org"
"customer","Ana","Bradley","ana.bradley@sakilacustomer.org"
"customer","Andre","Rapp","andre.rapp@sakilacustomer.org"
"customer","Andrea","Henderson","andrea.henderson@sakilacustomer.org"
"customer","Andrew","Purdy","andrew.purdy@sakilacustomer.org"
"customer","Andy","Vanhorn","andy.vanhorn@sakilacustomer.org"
"customer","Angel","Barclay","angel.barclay@sakilacustomer.org"
"customer","Angela","Hernandez","angela.hernandez@sakilacustomer.org"
"customer","Anita","Morales","anita.morales@sakilacustomer.org"
"customer","Ann","Evans","ann.evans@sakilacustomer.org"
"customer","Anna","Hill","anna.hill@sakilacustomer.org"
"customer","Anne","Powell","anne.powell@sakilacustomer.org"
"customer","Annette","Olson","annette.olson@sakilacustomer.org"
"customer","Annie","Russell","annie.russell@sakilacustomer.org"
"customer","Anthony","Schwab","anthony.schwab@sakilacustomer.org"
"customer","Antonio","Meek","antonio.meek@sakilacustomer.org"
"customer","April","Burns","april.burns@sakilacustomer.org"
"customer","Arlene","Harvey","arlene.harvey@sakilacustomer.org"
"customer","Armando","Gruber","armando.gruber@sakilacustomer.org"
"customer","Arnold","Havens","arnold.havens@sakilacustomer.org"
"customer","Arthur","Simpkins","arthur.simpkins@sakilacustomer.org"
"customer","Ashley","Richardson","ashley.richardson@sakilacustomer.org"
"customer","Audrey","Ray","audrey.ray@sakilacustomer.org"
"customer","Austin","Cintron","austin.cintron@sakilacustomer.org"
"customer","Barbara","Jones","barbara.jones@sakilacustomer.org"
"customer","Barry","Lovelace","barry.lovelace@sakilacustomer.org"
"customer","Beatrice","Arnold","beatrice.arnold@sakilacustomer.org"
"customer","Becky","Miles","becky.miles@sakilacustomer.org"
"customer","Ben","Easter","ben.easter@sakilacustomer.org"
"customer","Benjamin","Varney","benjamin.varney@sakilacustomer.org"
"customer","Bernard","Colby","bernard.colby@sakilacustomer.org"
"customer","Bernice","Willis","bernice.willis@sakilacustomer.org"
"customer","Bertha","Ferguson","bertha.ferguson@sakilacustomer.org"
"customer","Bessie","Morrison","bessie.morrison@sakilacustomer.org"
"customer","Beth","Franklin","beth.franklin@sakilacustomer.org"
"customer","Betty","White","betty.white@sakilacustomer.org"
"customer","Beverly","Brooks","beverly.brooks@sakilacustomer.org"
"customer","Bill","Gavin","bill.gavin@sakilacustomer.org"
"customer","Billie","Horton","billie.horton@sakilacustomer.org"
"customer","Billy","Poulin","billy.poulin@sakilacustomer.org"
"customer","Bob","Pfeiffer","bob.pfeiffer@sakilacustomer.org"
"customer","Bobbie","Craig","bobbie.craig@sakilacustomer.org"
"customer","Bobby","Boudreau","bobby.boudreau@sakilacustomer.org"
"customer","Bonnie","Hughes","bonnie.hughes@sakilacustomer.org"
"customer","Brad","Mccurdy","brad.mccurdy@sakilacustomer.org"
"customer","Bradley","Motley","bradley.motley@sakilacustomer.org"
"customer","Brandon","Huey","brandon.huey@sakilacustomer.org"
"customer","Brandy","Graves","brandy.graves@sakilacustomer.org"
"customer","Brenda","Wright","brenda.wright@sakilacustomer.org"
"customer","Brent","Harkins","brent.harkins@sakilacustomer.org"
"customer","Brett","Cornwell","brett.cornwell@sakilacustomer.org"
"customer","Brian","Wyman","brian.wyman@sakilacustomer.org"
"customer","Brittany","Riley","brittany.riley@sakilacustomer.org"
"customer","Bruce","Schwarz","bruce.schwarz@sakilacustomer.org"
"customer","Bryan","Hardison","bryan.hardison@sakilacustomer.org"
"customer","Byron","Box","byron.box@sakilacustomer.org"
"customer","Calvin","Martel","calvin.martel@sakilacustomer.org"
"customer","Carl","Artis","carl.artis@sakilacustomer.org"
"customer","Carla","Gutierrez","carla.gutierrez@sakilacustomer.org"
"customer","Carlos","Coughlin","carlos.coughlin@sakilacustomer.org"
"customer","Carmen","Owens","carmen.owens@sakilacustomer.org"
"customer","Carol","Garcia","carol.garcia@sakilacustomer.org"
"customer","Carole","Barnett","carole.barnett@sakilacustomer.org"
"customer","Caroline","Bowman","caroline.bowman@sakilacustomer.org"
"customer","Carolyn","Perez","carolyn.perez@sakilacustomer.org"
"customer","Carrie","Porter","carrie.porter@sakilacustomer.org"
"customer","Casey","Mena","casey.mena@sakilacustomer.org"
"customer","Cassandra","Walters","cassandra.walters@sakilacustomer.org"
"customer","Catherine","Campbell","catherine.campbell@sakilacustomer.org"
"customer","Cathy","Spencer","cathy.spencer@sakilacustomer.org"
"customer","Cecil","Vines","cecil.vines@sakilacustomer.org"
"customer","Chad","Carbone","chad.carbone@sakilacustomer.org"
"customer","Charlene","Alvarez","charlene.alvarez@sakilacustomer.org"
"customer","Charles","Kowalski","charles.kowalski@sakilacustomer.org"
"customer","Charlie","Bess","charlie.bess@sakilacustomer.org"
"customer","Charlotte","Hunter","charlotte.hunter@sakilacustomer.org"
"customer","Cheryl","Murphy","cheryl.murphy@sakilacustomer.org"
"customer","Chester","Benner","chester.benner@sakilacustomer.org"
"customer","Chris","Brothers","chris.brothers@sakilacustomer.org"
"customer","Christian","Jung","christian.jung@sakilacustomer.org"
"customer","Christina","Ramirez","christina.ramirez@sakilacustomer.org"
"customer","Christine","Roberts","christine.roberts@sakilacustomer.org"
"customer","Christopher","Greco","christopher.greco@sakilacustomer.org"
"customer","Christy","Vargas","christy.vargas@sakilacustomer.org"
"customer","Cindy","Fisher","cindy.fisher@sakilacustomer.org"
"customer","Clara","Shaw","clara.shaw@sakilacustomer.org"
"customer","Clarence","Gamez","clarence.gamez@sakilacustomer.org"
"customer","Claude","Herzog","claude.herzog@sakilacustomer.org"
"customer","Claudia","Fuller","claudia.fuller@sakilacustomer.org"
"customer","Clayton","Barbee","clayton.barbee@sakilacustomer.org"
"customer","Clifford","Bowens","clifford.bowens@sakilacustomer.org"
"customer","Clifton","Malcolm","clifton.malcolm@sakilacustomer.org"
"customer","Clinton","Buford","clinton.buford@sakilacustomer.org"
"customer","Clyde","Tobias","clyde.tobias@sakilacustomer.org"
"customer","Cody","Nolen","cody.nolen@sakilacustomer.org"
"customer","Colleen","Burton","colleen.burton@sakilacustomer.org"
"customer","Connie","Wallace","connie.wallace@sakilacustomer.org"
"customer","Constance","Reid","constance.reid@sakilacustomer.org"
"customer","Corey","Hauser","corey.hauser@sakilacustomer.org"
"customer","Cory","Meehan","cory.meehan@sakilacustomer.org"
"customer","Courtney","Day","courtney.day@sakilacustomer.org"
"customer","Craig","Morrell","craig.morrell@sakilacustomer.org"
"customer","Crystal","Ford","crystal.ford@sakilacustomer.org"
"customer","Curtis","Irby","curtis.irby@sakilacustomer.org"
"customer","Cynthia","Young","cynthia.young@sakilacustomer.org"
"customer","Daisy","Bates","daisy.bates@sakilacustomer.org"
"customer","Dale","Ratcliff","dale.ratcliff@sakilacustomer.org"
"customer","Dan","Paine","dan.paine@sakilacustomer.org"
"customer","Dana","Hart","dana.hart@sakilacustomer.org"
"customer","Daniel","Cabral","daniel.cabral@sakilacustomer.org"
"customer","Danielle","Daniels","danielle.daniels@sakilacustomer.org"
"customer","Danny","Isom","danny.isom@sakilacustomer.org"
"customer","Darlene","Rose","darlene.rose@sakilacustomer.org"
"customer","Darrell","Power","darrell.power@sakilacustomer.org"
"customer","Darren","Windham","darren.windham@sakilacustomer.org"
"customer","Darryl","Ashcraft","darryl.ashcraft@sakilacustomer.org"
"customer","Daryl","Larue","daryl.larue@sakilacustomer.org"
"customer","Dave","Gardiner","dave.gardiner@sakilacustomer.org"
"customer","David","Royal","david.royal@sakilacustomer.org"
"customer","Dawn","Sullivan","dawn.sullivan@sakilacustomer.org"
"customer","Dean","Sauer","dean.sauer@sakilacustomer.org"
"customer","Deanna","Byrd","deanna.byrd@sakilacustomer.org"
"customer","Debbie","Reyes","debbie.reyes@sakilacustomer.org"
"customer","Deborah","Walker","deborah.walker@sakilacustomer.org"
"customer","Debra","Nelson","debra.nelson@sakilacustomer.org"
"customer","Delores","Hansen","delores.hansen@sakilacustomer.org"
"customer","Denise","Kelly","denise.kelly@sakilacustomer.org"
"customer","Dennis","Gilman","dennis.gilman@sakilacustomer.org"
"customer","Derek","Blakely","derek.blakely@sakilacustomer.org"
"customer","Derrick","Bourque","derrick.bourque@sakilacustomer.org"
"customer","Diana","Alexander","diana.alexander@sakilacustomer.org"
"customer","Diane","Collins","diane.collins@sakilacustomer.org"
"customer","Dianne","Shelton","dianne.shelton@sakilacustomer.org"
"customer","Dolores","Wagner","dolores.wagner@sakilacustomer.org"
"customer","Don","Bone","don.bone@sakilacustomer.org"
"customer","Donald","Mahon","donald.mahon@sakilacustomer.org"
"customer","Donna","Thompson","donna.thompson@sakilacustomer.org"
"customer","Dora","Medina","dora.medina@sakilacustomer.org"
"customer","Doris","Reed","doris.reed@sakilacustomer.org"
"customer","Dorothy","Taylor","dorothy.taylor@sakilacustomer.org"
"customer","Douglas","Graf","douglas.graf@sakilacustomer.org"
"customer","Duane","Tubbs","duane.tubbs@sakilacustomer.org"
"customer","Dustin","Gillette","dustin.gillette@sakilacustomer.org"
"customer","Dwayne","Olvera","dwayne.olvera@sakilacustomer.org"
"customer","Dwight","Lombardi","dwight.lombardi@sakilacustomer.org"
"customer","Earl","Shanks","earl.shanks@sakilacustomer.org"
"customer","Eddie","Tomlin","eddie.tomlin@sakilacustomer.org"
"customer","Edgar","Rhoads","edgar.rhoads@sakilacustomer.org"
"customer","Edith","Mcdonald","edith.mcdonald@sakilacustomer.org"
"customer","Edna","West","edna.west@sakilacustomer.org"
"customer","Eduardo","Hiatt","eduardo.hiatt@sakilacustomer.org"
"customer","Edward","Baugh","edward.baugh@sakilacustomer.org"
"customer","Edwin","Burk","edwin.burk@sakilacustomer.org"
"customer","Eileen","Carr","eileen.carr@sakilacustomer.org"
"customer","Elaine","Stevens","elaine.stevens@sakilacustomer.org"
"customer","Eleanor","Hunt","eleanor.hunt@sakilacustomer.org"
"customer","Elizabeth","Brown","elizabeth.brown@sakilacustomer.org"
"customer","Ella","Oliver","ella.oliver@sakilacustomer.org"
"customer","Ellen","Simpson","ellen.simpson@sakilacustomer.org"
"customer","Elmer","Noe","elmer.noe@sakilacustomer.org"
"customer","Elsie","Kelley","elsie.kelley@sakilacustomer.org"
"customer","Emily","Diaz","emily.diaz@sakilacustomer.org"
"customer","Emma","Boyd","emma.boyd@sakilacustomer.org"
"customer","Enrique","Forsythe","enrique.forsythe@sakilacustomer.org"
"customer","Eric","Robert","eric.robert@sakilacustomer.org"
"customer","Erica","Matthews","erica.matthews@sakilacustomer.org"
"customer","Erik","Guillen","erik.guillen@sakilacustomer.org"
"customer","Erika","Pena","erika.pena@sakilacustomer.org"
"customer","Erin","Dunn","erin.dunn@sakilacustomer.org"
"customer","Ernest","Stepp","ernest.stepp@sakilacustomer.org"
"customer","Esther","Crawford","esther.crawford@sakilacustomer.org"
"customer","Ethel","Webb","ethel.webb@sakilacustomer.org"
"customer","Eugene","Culpepper","eugene.culpepper@sakilacustomer.org"
"customer","Eva","Ramos","eva.ramos@sakilacustomer.org"
"customer","Evelyn","Morgan","evelyn.morgan@sakilacustomer.org"
"customer","Everett","Banda","everett.banda@sakilacustomer.org"
"customer","Felicia","Sutton","felicia.sutton@sakilacustomer.org"
"customer","Felix","Gaffney","felix.gaffney@sakilacustomer.org"
"customer","Fernando","Churchill","fernando.churchill@sakilacustomer.org"
"customer","Florence","Woods","florence.woods@sakilacustomer.org"
"customer","Floyd","Gandy","floyd.gandy@sakilacustomer.org"
"customer","Frances","Parker","frances.parker@sakilacustomer.org"
"customer","Francis","Sikes","francis.sikes@sakilacustomer.org"
"customer","Francisco","Skidmore","francisco.skidmore@sakilacustomer.org"
"customer","Frank","Waggoner","frank.waggoner@sakilacustomer.org"
"customer","Franklin","Troutman","franklin.troutman@sakilacustomer.org"
"customer","Fred","Wheat","fred.wheat@sakilacustomer.org"
"customer","Freddie","Duggan","freddie.duggan@sakilacustomer.org"
"customer","Frederick","Isbell","frederick.isbell@sakilacustomer.org"
"customer","Gabriel","Harder","gabriel.harder@sakilacustomer.org"
"customer","Gail","Knight","gail.knight@sakilacustomer.org"
"customer","Gary","Coy","gary.coy@sakilacustomer.org"
"customer","Gene","Sanborn","gene.sanborn@sakilacustomer.org"
"customer","George","Linton","george.linton@sakilacustomer.org"
"customer","Georgia","Jacobs","georgia.jacobs@sakilacustomer.org"
"customer","Gerald","Fultz","gerald.fultz@sakilacustomer.org"
"customer","Geraldine","Perkins","geraldine.perkins@sakilacustomer.org"
"customer","Gertrude","Castillo","gertrude.castillo@sakilacustomer.org"
"customer","Gilbert","Sledge","gilbert.sledge@sakilacustomer.org"
"customer","Gina","Williamson","gina.williamson@sakilacustomer.org"
"customer","Gladys","Hamilton","gladys.hamilton@sakilacustomer.org"
"customer","Glen","Talbert","glen.talbert@sakilacustomer.org"
"customer","Glenda","Frazier","glenda.frazier@sakilacustomer.org"
"customer","Glenn","Pullen","glenn.pullen@sakilacustomer.org"
"customer","Gloria","Cook","gloria.cook@sakilacustomer.org"
"customer","Gordon","Allard","gordon.allard@sakilacustomer.org"
"customer","Grace","Ellis","grace.ellis@sakilacustomer.org"
"customer","Greg","Robins","greg.robins@sakilacustomer.org"
"customer","Gregory","Mauldin","gregory.mauldin@sakilacustomer.org"
"customer","Guy","Brownlee","guy.brownlee@sakilacustomer.org"
"customer","Gwendolyn","May","gwendolyn.may@sakilacustomer.org"
"customer","Harold","Martino","harold.martino@sakilacustomer.org"
"customer","Harry","Arce","harry.arce@sakilacustomer.org"
"customer","Harvey","Guajardo","harvey.guajardo@sakilacustomer.org"
"customer","Hazel","Warren","hazel.warren@sakilacustomer.org"
"customer","Heather","Morris","heather.morris@sakilacustomer.org"
"customer","Hector","Poindexter","hector.poindexter@sakilacustomer.org"
"customer","Heidi","Larson","heidi.larson@sakilacustomer.org"
"customer","Helen","Harris","helen.harris@sakilacustomer.org"
"customer","Henry","Billingsley","henry.billingsley@sakilacustomer.org"
"customer","Herbert","Kruger","herbert.kruger@sakilacustomer.org"
"customer","Herman","Devore","herman.devore@sakilacustomer.org"
"customer","Hilda","Hopkins","hilda.hopkins@sakilacustomer.org"
"customer","Holly","Fox","holly.fox@sakilacustomer.org"
"customer","Howard","Fortner","howard.fortner@sakilacustomer.org"
"customer","Hugh","Waldrop","hugh.waldrop@sakilacustomer.org"
"customer","Ian","Still","ian.still@sakilacustomer.org"
"customer","Ida","Andrews","ida.andrews@sakilacustomer.org"
"customer","Irene","Price","irene.price@sakilacustomer.org"
"customer","Irma","Pearson","irma.pearson@sakilacustomer.org"
"customer","Isaac","Oglesby","isaac.oglesby@sakilacustomer.org"
"customer","Ivan","Cromwell","ivan.cromwell@sakilacustomer.org"
"customer","Jack","Foust","jack.foust@sakilacustomer.org"
"customer","Jackie","Lynch","jackie.lynch@sakilacustomer.org"
"customer","Jacob","Lance","jacob.lance@sakilacustomer.org"
"customer","Jacqueline","Long","jacqueline.long@sakilacustomer.org"
"customer","Jaime","Nettles","jaime.nettles@sakilacustomer.org"
"customer","James","Gannon","james.gannon@sakilacustomer.org"
"customer","Jamie","Rice","jamie.rice@sakilacustomer.org"
"customer","Jamie","Waugh","jamie.waugh@sakilacustomer.org"
"customer","Jane","Bennett","jane.bennett@sakilacustomer.org"
"customer","Janet","Phillips","janet.phillips@sakilacustomer.org"
"customer","Janice","Ward","janice.ward@sakilacustomer.org"
"customer","Jared","Ely","jared.ely@sakilacustomer.org"
"customer","Jason","Morrissey","jason.morrissey@sakilacustomer.org"
"customer","Javier","Elrod","javier.elrod@sakilacustomer.org"
"customer","Jay","Robb","jay.robb@sakilacustomer.org"
"customer","Jean","Bell","jean.bell@sakilacustomer.org"
"customer","Jeanette","Greene","jeanette.greene@sakilacustomer.org"
"customer","Jeanne","Lawson","jeanne.lawson@sakilacustomer.org"
"customer","Jeff","East","jeff.east@sakilacustomer.org"
"customer","Jeffery","Pinson","jeffery.pinson@sakilacustomer.org"
"customer","Jeffrey","Spear","jeffrey.spear@sakilacustomer.org"
"customer","Jennie","Terry","jennie.terry@sakilacustomer.org"
"customer","Jennifer","Davis","jennifer.davis@sakilacustomer.org"
"customer","Jenny","Castro","jenny.castro@sakilacustomer.org"
"customer","Jeremy","Hurtado","jeremy.hurtado@sakilacustomer.org"
"customer","Jerome","Kenyon","jerome.kenyon@sakilacustomer.org"
"customer","Jerry","Jordon","jerry.jordon@sakilacustomer.org"
"customer","Jesse","Schilling","jesse.schilling@sakilacustomer.org"
"customer","Jessica","Hall","jessica.hall@sakilacustomer.org"
"customer","Jessie","Banks","jessie.banks@sakilacustomer.org"
"customer","Jessie","Milam","jessie.milam@sakilacustomer.org"
"customer","Jesus","Mccartney","jesus.mccartney@sakilacustomer.org"
"customer","Jill","Hawkins","jill.hawkins@sakilacustomer.org"
"customer","Jim","Rea","jim.rea@sakilacustomer.org"
"customer","Jimmie","Eggleston","jimmie.eggleston@sakilacustomer.org"
"customer","Jimmy","Schrader","jimmy.schrader@sakilacustomer.org"
"customer","Jo","Fowler","jo.fowler@sakilacustomer.org"
"customer","Joan","Cooper","joan.cooper@sakilacustomer.org"
"customer","Joann","Gardner","joann.gardner@sakilacustomer.org"
"customer","Joanne","Robertson","joanne.robertson@sakilacustomer.org"
"customer","Joe","Gilliland","joe.gilliland@sakilacustomer.org"
"customer","Joel","Francisco","joel.francisco@sakilacustomer.org"
"customer","John","Farnsworth","john.farnsworth@sakilacustomer.org"
"customer","Johnnie","Chisholm","johnnie.chisholm@sakilacustomer.org"
"customer","Johnny","Turpin","johnny.turpin@sakilacustomer.org"
"staff","Jon","Stephens","Jon.Stephens@sakilastaff.com"
"customer","Jon","Wiles","jon.wiles@sakilacustomer.org"
"customer","Jonathan","Scarborough","jonathan.scarborough@sakilacustomer.org"
"customer","Jordan","Archuleta","jordan.archuleta@sakilacustomer.org"
"customer","Jorge","Olivares","jorge.olivares@sakilacustomer.org"
"customer","Jose","Andrew","jose.andrew@sakilacustomer.org"
"customer","Joseph","Joy","joseph.joy@sakilacustomer.org"
"customer","Josephine","Gomez","josephine.gomez@sakilacustomer.org"
"customer","Joshua","Mark","joshua.mark@sakilacustomer.org"
"customer","Joy","George","joy.george@sakilacustomer.org"
"customer","Joyce","Edwards","joyce.edwards@sakilacustomer.org"
"customer","Juan","Fraley","juan.fraley@sakilacustomer.org"
"customer","Juanita","Mason","juanita.mason@sakilacustomer.org"
"customer","Judith","Cox","judith.cox@sakilacustomer.org"
"customer","Judy","Gray","judy.gray@sakilacustomer.org"
"customer","Julia","Flores","julia.flores@sakilacustomer.org"
"customer","Julian","Vest","julian.vest@sakilacustomer.org"
"customer","Julie","Sanchez","julie.sanchez@sakilacustomer.org"
"customer","Julio","Noland","julio.noland@sakilacustomer.org"
"customer","June","Carroll","june.carroll@sakilacustomer.org"
"customer","Justin","Ngo","justin.ngo@sakilacustomer.org"
"customer","Karen","Jackson","karen.jackson@sakilacustomer.org"
"customer","Karl","Seal","karl.seal@sakilacustomer.org"
"customer","Katherine","Rivera","katherine.rivera@sakilacustomer.org"
"customer","Kathleen","Adams","kathleen.adams@sakilacustomer.org"
"customer","Kathryn","Coleman","kathryn.coleman@sakilacustomer.org"
"customer","Kathy","James","kathy.james@sakilacustomer.org"
"customer","Katie","Elliott","katie.elliott@sakilacustomer.org"
"customer","Kay","Caldwell","kay.caldwell@sakilacustomer.org"
"customer","Keith","Rico","keith.rico@sakilacustomer.org"
"customer","Kelly","Knott","kelly.knott@sakilacustomer.org"
"customer","Kelly","Torres","kelly.torres@sakilacustomer.org"
"customer","Ken","Prewitt","ken.prewitt@sakilacustomer.org"
"customer","Kenneth","Gooden","kenneth.gooden@sakilacustomer.org"
"customer","Kent","Arsenault","kent.arsenault@sakilacustomer.org"
"customer","Kevin","Schuler","kevin.schuler@sakilacustomer.org"
"customer","Kim","Cruz","kim.cruz@sakilacustomer.org"
"customer","Kimberly","Lee","kimberly.lee@sakilacustomer.org"
"customer","Kirk","Stclair","kirk.stclair@sakilacustomer.org"
"customer","Kristen","Chavez","kristen.chavez@sakilacustomer.org"
"customer","Kristin","Johnston","kristin.johnston@sakilacustomer.org"
"customer","Kristina","Chambers","kristina.chambers@sakilacustomer.org"
"customer","Kurt","Emmons","kurt.emmons@sakilacustomer.org"
"customer","Kyle","Spurlock","kyle.spurlock@sakilacustomer.org"
"customer","Lance","Pemberton","lance.pemberton@sakilacustomer.org"
"customer","Larry","Thrasher","larry.thrasher@sakilacustomer.org"
"customer","Laura","Rodriguez","laura.rodriguez@sakilacustomer.org"
"customer","Lauren","Hudson","lauren.hudson@sakilacustomer.org"
"customer","Laurie","Lawrence","laurie.lawrence@sakilacustomer.org"
"customer","Lawrence","Lawton","lawrence.lawton@sakilacustomer.org"
"customer","Leah","Curtis","leah.curtis@sakilacustomer.org"
"customer","Lee","Hawks","lee.hawks@sakilacustomer.org"
"customer","Lena","Jensen","lena.jensen@sakilacustomer.org"
"customer","Leo","Ebert","leo.ebert@sakilacustomer.org"
"customer","Leon","Bostic","leon.bostic@sakilacustomer.org"
"customer","Leona","Obrien","leona.obrien@sakilacustomer.org"
"customer","Leonard","Schofield","leonard.schofield@sakilacustomer.org"
"customer","Leroy","Bustamante","leroy.bustamante@sakilacustomer.org"
"customer","Leslie","Gordon","leslie.gordon@sakilacustomer.org"
"customer","Leslie","Seward","leslie.seward@sakilacustomer.org"
"customer","Lester","Kraus","lester.kraus@sakilacustomer.org"
"customer","Lewis","Lyman","lewis.lyman@sakilacustomer.org"
"customer","Lillian","Griffin","lillian.griffin@sakilacustomer.org"
"customer","Lillie","Kim","lillie.kim@sakilacustomer.org"
"customer","Linda","Williams","linda.williams@sakilacustomer.org"
"customer","Lisa","Anderson","lisa.anderson@sakilacustomer.org"
"customer","Lloyd","Dowd","lloyd.dowd@sakilacustomer.org"
"customer","Lois","Butler","lois.butler@sakilacustomer.org"
"customer","Lonnie","Tirado","lonnie.tirado@sakilacustomer.org"
"customer","Loretta","Carpenter","loretta.carpenter@sakilacustomer.org"
"customer","Lori","Wood","lori.wood@sakilacustomer.org"
"customer","Lorraine","Stephens","lorraine.stephens@sakilacustomer.org"
"customer","Louis","Leone","louis.leone@sakilacustomer.org"
"customer","Louise","Jenkins","louise.jenkins@sakilacustomer.org"
"customer","Lucille","Holmes","lucille.holmes@sakilacustomer.org"
"customer","Lucy","Wheeler","lucy.wheeler@sakilacustomer.org"
"customer","Luis","Yanez","luis.yanez@sakilacustomer.org"
"customer","Lydia","Burke","lydia.burke@sakilacustomer.org"
"customer","Lynn","Payne","lynn.payne@sakilacustomer.org"
"customer","Mabel","Holland","mabel.holland@sakilacustomer.org"
"customer","Mae","Fletcher","mae.fletcher@sakilacustomer.org"
"customer","Manuel","Murrell","manuel.murrell@sakilacustomer.org"
"customer","Marc","Outlaw","marc.outlaw@sakilacustomer.org"
"customer","Marcia","Dean","marcia.dean@sakilacustomer.org"
"customer","Marcus","Hidalgo","marcus.hidalgo@sakilacustomer.org"
"customer","Margaret","Moore","margaret.moore@sakilacustomer.org"
"customer","Margie","Wade","margie.wade@sakilacustomer.org"
"customer","Maria","Miller","maria.miller@sakilacustomer.org"
"customer","Marian","Mendoza","marian.mendoza@sakilacustomer.org"
"customer","Marie","Turner","marie.turner@sakilacustomer.org"
"customer","Marilyn","Ross","marilyn.ross@sakilacustomer.org"
"customer","Mario","Cheatham","mario.cheatham@sakilacustomer.org"
"customer","Marion","Ocampo","marion.ocampo@sakilacustomer.org"
"customer","Marion","Snyder","marion.snyder@sakilacustomer.org"
"customer","Marjorie","Tucker","marjorie.tucker@sakilacustomer.org"
"customer","Mark","Rinehart","mark.rinehart@sakilacustomer.org"
"customer","Marlene","Welch","marlene.welch@sakilacustomer.org"
"customer","Marsha","Douglas","marsha.douglas@sakilacustomer.org"
"customer","Marshall","Thorn","marshall.thorn@sakilacustomer.org"
"customer","Martha","Gonzalez","martha.gonzalez@sakilacustomer.org"
"customer","Martin","Bales","martin.bales@sakilacustomer.org"
"customer","Marvin","Yee","marvin.yee@sakilacustomer.org"
"customer","Mary","Smith","mary.smith@sakilacustomer.org"
"customer","Mathew","Bolin","mathew.bolin@sakilacustomer.org"
"customer","Matthew","Mahan","matthew.mahan@sakilacustomer.org"
"customer","Mattie","Hoffman","mattie.hoffman@sakilacustomer.org"
"customer","Maureen","Little","maureen.little@sakilacustomer.org"
"customer","Maurice","Crawley","maurice.crawley@sakilacustomer.org"
"customer","Max","Pitt","max.pitt@sakilacustomer.org"
"customer","Maxine","Silva","maxine.silva@sakilacustomer.org"
"customer","Megan","Palmer","megan.palmer@sakilacustomer.org"
"customer","Melanie","Armstrong","melanie.armstrong@sakilacustomer.org"
"customer","Melinda","Fernandez","melinda.fernandez@sakilacustomer.org"
"customer","Melissa","King","melissa.king@sakilacustomer.org"
"customer","Melvin","Ellington","melvin.ellington@sakilacustomer.org"
"customer","Michael","Silverman","michael.silverman@sakilacustomer.org"
"customer","Micheal","Forman","micheal.forman@sakilacustomer.org"
"customer","Michele","Grant","michele.grant@sakilacustomer.org"
"customer","Michelle","Clark","michelle.clark@sakilacustomer.org"
"customer","Miguel","Betancourt","miguel.betancourt@sakilacustomer.org"
"staff","Mike","Hillyer","Mike.Hillyer@sakilastaff.com"
"customer","Mike","Way","mike.way@sakilacustomer.org"
"customer","Mildred","Bailey","mildred.bailey@sakilacustomer.org"
"customer","Milton","Howland","milton.howland@sakilacustomer.org"
"customer","Minnie","Romero","minnie.romero@sakilacustomer.org"
"customer","Miriam","Mckinney","miriam.mckinney@sakilacustomer.org"
"customer","Misty","Lambert","misty.lambert@sakilacustomer.org"
"customer","Mitchell","Westmoreland","mitchell.westmoreland@sakilacustomer.org"
"customer","Monica","Hicks","monica.hicks@sakilacustomer.org"
"customer","Morris","Mccarter","morris.mccarter@sakilacustomer.org"
"customer","Myrtle","Fleming","myrtle.fleming@sakilacustomer.org"
"customer","Nancy","Thomas","nancy.thomas@sakilacustomer.org"
"customer","Naomi","Jennings","naomi.jennings@sakilacustomer.org"
"customer","Natalie","Meyer","natalie.meyer@sakilacustomer.org"
"customer","Nathan","Runyon","nathan.runyon@sakilacustomer.org"
"customer","Nathaniel","Adam","nathaniel.adam@sakilacustomer.org"
"customer","Neil","Renner","neil.renner@sakilacustomer.org"
"customer","Nellie","Garrett","nellie.garrett@sakilacustomer.org"
"customer","Nelson","Christenson","nelson.christenson@sakilacustomer.org"
"customer","Nicholas","Barfield","nicholas.barfield@sakilacustomer.org"
"customer","Nicole","Peterson","nicole.peterson@sakilacustomer.org"
"customer","Nina","Soto","nina.soto@sakilacustomer.org"
"customer","Nora","Herrera","nora.herrera@sakilacustomer.org"
"customer","Norma","Gonzales","norma.gonzales@sakilacustomer.org"
"customer","Norman","Currier","norman.currier@sakilacustomer.org"
"customer","Olga","Jimenez","olga.jimenez@sakilacustomer.org"
"customer","Oscar","Aquino","oscar.aquino@sakilacustomer.org"
"customer","Pamela","Baker","pamela.baker@sakilacustomer.org"
"customer","Patricia","Johnson","patricia.johnson@sakilacustomer.org"
"customer","Patrick","Newsom","patrick.newsom@sakilacustomer.org"
"customer","Patsy","Davidson","patsy.davidson@sakilacustomer.org"
"customer","Paul","Trout","paul.trout@sakilacustomer.org"
"customer","Paula","Bryant","paula.bryant@sakilacustomer.org"
"customer","Pauline","Henry","pauline.henry@sakilacustomer.org"
"customer","Pearl","Garza","pearl.garza@sakilacustomer.org"
"customer","Pedro","Chestnut","pedro.chestnut@sakilacustomer.org"
"customer","Peggy","Myers","peggy.myers@sakilacustomer.org"
"customer","Penny","Neal","penny.neal@sakilacustomer.org"
"customer","Perry","Swafford","perry.swafford@sakilacustomer.org"
"customer","Peter","Menard","peter.menard@sakilacustomer.org"
"customer","Philip","Causey","philip.causey@sakilacustomer.org"
"customer","Phillip","Holm","phillip.holm@sakilacustomer.org"
"customer","Phyllis","Foster","phyllis.foster@sakilacustomer.org"
"customer","Priscilla","Lowe","priscilla.lowe@sakilacustomer.org"
"customer","Rachel","Barnes","rachel.barnes@sakilacustomer.org"
"customer","Rafael","Abney","rafael.abney@sakilacustomer.org"
"customer","Ralph","Madrigal","ralph.madrigal@sakilacustomer.org"
"customer","Ramon","Choate","ramon.choate@sakilacustomer.org"
"customer","Ramona","Hale","ramona.hale@sakilacustomer.org"
"customer","Randall","Neumann","randall.neumann@sakilacustomer.org"
"customer","Randy","Gaither","randy.gaither@sakilacustomer.org"
"customer","Raul","Fortier","raul.fortier@sakilacustomer.org"
"customer","Ray","Houle","ray.houle@sakilacustomer.org"
"customer","Raymond","Mcwhorter","raymond.mcwhorter@sakilacustomer.org"
"customer","Rebecca","Scott","rebecca.scott@sakilacustomer.org"
"customer","Regina","Berry","regina.berry@sakilacustomer.org"
"customer","Reginald","Kinder","reginald.kinder@sakilacustomer.org"
"customer","Rene","Mcalister","rene.mcalister@sakilacustomer.org"
"customer","Renee","Lane","renee.lane@sakilacustomer.org"
"customer","Rhonda","Kennedy","rhonda.kennedy@sakilacustomer.org"
"customer","Ricardo","Meador","ricardo.meador@sakilacustomer.org"
"customer","Richard","Mccrary","richard.mccrary@sakilacustomer.org"
"customer","Rick","Mattox","rick.mattox@sakilacustomer.org"
"customer","Ricky","Shelby","ricky.shelby@sakilacustomer.org"
"customer","Rita","Graham","rita.graham@sakilacustomer.org"
"customer","Robert","Baughman","robert.baughman@sakilacustomer.org"
"customer","Roberta","Harper","roberta.harper@sakilacustomer.org"
"customer","Roberto","Vu","roberto.vu@sakilacustomer.org"
"customer","Robin","Hayes","robin.hayes@sakilacustomer.org"
"customer","Rodney","Moeller","rodney.moeller@sakilacustomer.org"
"customer","Roger","Quintanilla","roger.quintanilla@sakilacustomer.org"
"customer","Roland","South","roland.south@sakilacustomer.org"
"customer","Ron","Deluca","ron.deluca@sakilacustomer.org"
"customer","Ronald","Weiner","ronald.weiner@sakilacustomer.org"
"customer","Ronnie","Ricketts","ronnie.ricketts@sakilacustomer.org"
"customer","Rosa","Reynolds","rosa.reynolds@sakilacustomer.org"
"customer","Rose","Howard","rose.howard@sakilacustomer.org"
"customer","Rosemary","Schmidt","rosemary.schmidt@sakilacustomer.org"
"customer","Ross","Grey","ross.grey@sakilacustomer.org"
"customer","Roy","Whiting","roy.whiting@sakilacustomer.org"
"customer","Ruben","Geary","ruben.geary@sakilacustomer.org"
"customer","Ruby","Washington","ruby.washington@sakilacustomer.org"
"customer","Russell","Brinson","russell.brinson@sakilacustomer.org"
"customer","Ruth","Martinez","ruth.martinez@sakilacustomer.org"
"customer","Ryan","Salisbury","ryan.salisbury@sakilacustomer.org"
"customer","Sally","Pierce","sally.pierce@sakilacustomer.org"
"customer","Salvador","Teel","salvador.teel@sakilacustomer.org"
"customer","Sam","Mcduffie","sam.mcduffie@sakilacustomer.org"
"customer","Samantha","Duncan","samantha.duncan@sakilacustomer.org"
"customer","Samuel","Marlow","samuel.marlow@sakilacustomer.org"
"customer","Sandra","Martin","sandra.martin@sakilacustomer.org"
"customer","Sara","Perry","sara.perry@sakilacustomer.org"
"customer","Sarah","Lewis","sarah.lewis@sakilacustomer.org"
"customer","Scott","Shelley","scott.shelley@sakilacustomer.org"
"customer","Sean","Douglass","sean.douglass@sakilacustomer.org"
"customer","Sergio","Stanfield","sergio.stanfield@sakilacustomer.org"
"customer","Seth","Hannon","seth.hannon@sakilacustomer.org"
"customer","Shane","Millard","shane.millard@sakilacustomer.org"
"customer","Shannon","Freeman","shannon.freeman@sakilacustomer.org"
"customer","Sharon","Robinson","sharon.robinson@sakilacustomer.org"
"customer","Shawn","Heaton","shawn.heaton@sakilacustomer.org"
"customer","Sheila","Wells","sheila.wells@sakilacustomer.org"
"customer","Shelly","Watts","shelly.watts@sakilacustomer.org"
"customer","Sherri","Rhodes","sherri.rhodes@sakilacustomer.org"
"customer","Sherry","Marshall","sherry.marshall@sakilacustomer.org"
"customer","Shirley","Allen","shirley.allen@sakilacustomer.org"
"customer","Sidney","Burleson","sidney.burleson@sakilacustomer.org"
"customer","Sonia","Gregory","sonia.gregory@sakilacustomer.org"
"customer","Stacey","Montgomery","stacey.montgomery@sakilacustomer.org"
"customer","Stacy","Cunningham","stacy.cunningham@sakilacustomer.org"
"customer","Stanley","Scroggins","stanley.scroggins@sakilacustomer.org"
"customer","Stella","Moreno","stella.moreno@sakilacustomer.org"
"customer","Stephanie","Mitchell","stephanie.mitchell@sakilacustomer.org"
"customer","Stephen","Qualls","stephen.qualls@sakilacustomer.org"
"customer","Steve","Mackenzie","steve.mackenzie@sakilacustomer.org"
"customer","Steven","Curley","steven.curley@sakilacustomer.org"
"customer","Sue","Peters","sue.peters@sakilacustomer.org"
"customer","Susan","Wilson","susan.wilson@sakilacustomer.org"
"customer","Suzanne","Nichols","suzanne.nichols@sakilacustomer.org"
"customer","Sylvia","Ortiz","sylvia.ortiz@sakilacustomer.org"
"customer","Tamara","Nguyen","tamara.nguyen@sakilacustomer.org"
"customer","Tammy","Sanders","tammy.sanders@sakilacustomer.org"
"customer","Tanya","Gilbert","tanya.gilbert@sakilacustomer.org"
"customer","Tara","Ryan","tara.ryan@sakilacustomer.org"
"customer","Ted","Breaux","ted.breaux@sakilacustomer.org"
"customer","Teresa","Rogers","teresa.rogers@sakilacustomer.org"
"customer","Terrance","Roush","terrance.roush@sakilacustomer.org"
"customer","Terrence","Gunderson","terrence.gunderson@sakilacustomer.org"
"customer","Terri","Vasquez","terri.vasquez@sakilacustomer.org"
"customer","Terry","Carlson","terry.carlson@sakilacustomer.org"
"customer","Terry","Grissom","terry.grissom@sakilacustomer.org"
"customer","Thelma","Murray","thelma.murray@sakilacustomer.org"
"customer","Theodore","Culp","theodore.culp@sakilacustomer.org"
"customer","Theresa","Watson","theresa.watson@sakilacustomer.org"
"customer","Thomas","Grigsby","thomas.grigsby@sakilacustomer.org"
"customer","Tiffany","Jordan","tiffany.jordan@sakilacustomer.org"
"customer","Tim","Cary","tim.cary@sakilacustomer.org"
"customer","Timothy","Bunn","timothy.bunn@sakilacustomer.org"
"customer","Tina","Simmons","tina.simmons@sakilacustomer.org"
"customer","Todd","Tan","todd.tan@sakilacustomer.org"
"customer","Tom","Milner","tom.milner@sakilacustomer.org"
"customer","Tommy","Collazo","tommy.collazo@sakilacustomer.org"
"customer","Toni","Holt","toni.holt@sakilacustomer.org"
"customer","Tony","Carranza","tony.carranza@sakilacustomer.org"
"customer","Tonya","Chapman","tonya.chapman@sakilacustomer.org"
"customer","Tracey","Barrett","tracey.barrett@sakilacustomer.org"
"customer","Tracy","Cole","tracy.cole@sakilacustomer.org"
"customer","Tracy","Herrmann","tracy.herrmann@sakilacustomer.org"
"customer","Travis","Estep","travis.estep@sakilacustomer.org"
"customer","Troy","Quigley","troy.quigley@sakilacustomer.org"
"customer","Tyler","Wren","tyler.wren@sakilacustomer.org"
"customer","Tyrone","Asher","tyrone.asher@sakilacustomer.org"
"customer","Valerie","Black","valerie.black@sakilacustomer.org"
"customer","Vanessa","Sims","vanessa.sims@sakilacustomer.org"
"customer","Velma","Lucas","velma.lucas@sakilacustomer.org"
"customer","Vera","Mccoy","vera.mccoy@sakilacustomer.org"
"customer","Vernon","Chapa","vernon.chapa@sakilacustomer.org"
"customer","Veronica","Stone","veronica.stone@sakilacustomer.org"
"customer","Vicki","Fields","vicki.fields@sakilacustomer.org"
"customer","Vickie","Brewer","vickie.brewer@sakilacustomer.org"
"customer","Victor","Barkley","victor.barkley@sakilacustomer.org"
"customer","Victoria","Gibson","victoria.gibson@sakilacustomer.org"
"customer","Vincent","Ralston","vincent.ralston@sakilacustomer.org"
"customer","Viola","Hanson","viola.hanson@sakilacustomer.org"
"customer","Violet","Rodriquez","violet.rodriquez@sakilacustomer.org"
"customer","Virgil","Wofford","virgil.wofford@sakilacustomer.org"
"customer","Virginia","Green","virginia.green@sakilacustomer.org"
"customer","Vivian","Ruiz","vivian.ruiz@sakilacustomer.org"
"customer","Wade","Delvalle","wade.delvalle@sakilacustomer.org"
"customer","Wallace","Slone","wallace.slone@sakilacustomer.org"
"customer","Walter","Perryman","walter.perryman@sakilacustomer.org"
"customer","Wanda","Patterson","wanda.patterson@sakilacustomer.org"
"customer","Warren","Sherrod","warren.sherrod@sakilacustomer.org"
"customer","Wayne","Truong","wayne.truong@sakilacustomer.org"
"customer","Wendy","Harrison","wendy.harrison@sakilacustomer.org"
"customer","Wesley","Bull","wesley.bull@sakilacustomer.org"
"customer","Willard","Lumpkin","willard.lumpkin@sakilacustomer.org"
"customer","William","Satterfield","william.satterfield@sakilacustomer.org"
"customer","Willie","Howell","willie.howell@sakilacustomer.org"
"customer","Willie","Markham","willie.markham@sakilacustomer.org"
"customer","Wilma","Richards","wilma.richards@sakilacustomer.org"
"customer","Yolanda","Weaver","yolanda.weaver@sakilacustomer.org"
"customer","Yvonne","Watkins","yvonne.watkins@sakilacustomer.org"
"customer","Zachary","Hite","zachary.hite@sakilacustomer.org"
